LeadID,LeadSource,Industry,Contacted,FollowUps,LeadScore,Region,Converted
LEAD0001,Ad,Retail,1,4,72,South,1
LEAD0002,Event,Retail,1,2,98,West,0
LEAD0003,Referral,Retail,0,8,98,East,1
LEAD0004,Event,Retail,1,8,23,West,0
LEAD0005,Event,Education,1,5,42,South,0
LEAD0006,Email,Education,1,0,89,East,1
LEAD0007,Referral,Finance,1,6,95,North,1
LEAD0008,Referral,Tech,0,6,52,East,0
LEAD0009,Referral,Retail,1,9,47,South,0
LEAD0010,Event,Finance,1,9,27,North,1
LEAD0011,Ad,Tech,1,3,20,East,0
LEAD0012,Referral,Healthcare,1,7,56,North,1
LEAD0013,Event,Education,1,5,82,North,1
LEAD0014,Email,Tech,1,3,41,South,1
LEAD0015,Ad,Healthcare,0,3,89,North,1
LEAD0016,Email,Tech,0,1,40,West,1
LEAD0017,Ad,Education,1,1,54,South,1
LEAD0018,Event,Education,1,3,98,West,1
LEAD0019,Web,Finance,0,4,24,North,0
LEAD0020,Ad,Retail,0,7,79,West,0
LEAD0021,Email,Tech,0,5,65,East,0
LEAD0022,Event,Tech,1,3,69,North,0
LEAD0023,Ad,Healthcare,0,6,67,East,0
LEAD0024,Web,Education,1,7,25,West,1
LEAD0025,Web,Tech,0,1,75,East,0
LEAD0026,Referral,Education,1,6,78,North,0
LEAD0027,Referral,Tech,0,1,48,East,0
LEAD0028,Email,Finance,1,1,90,West,1
LEAD0029,Ad,Retail,0,7,96,West,0
LEAD0030,Ad,Tech,1,1,37,West,1
LEAD0031,Referral,Education,0,8,21,North,0
LEAD0032,Ad,Finance,1,0,27,West,1
LEAD0033,Ad,Tech,1,8,94,North,1
LEAD0034,Web,Healthcare,1,0,73,East,1
LEAD0035,Referral,Retail,1,9,57,West,0
LEAD0036,Event,Tech,1,9,67,East,1
LEAD0037,Referral,Finance,1,1,46,South,1
LEAD0038,Event,Healthcare,1,5,39,East,1
LEAD0039,Web,Finance,1,5,31,South,1
LEAD0040,Email,Finance,1,0,62,East,0
LEAD0041,Ad,Healthcare,1,6,80,North,1
LEAD0042,Web,Finance,1,7,50,East,1
LEAD0043,Ad,Healthcare,1,1,80,North,1
LEAD0044,Email,Tech,0,7,93,North,0
LEAD0045,Email,Healthcare,1,8,86,West,1
LEAD0046,Web,Healthcare,1,5,54,North,0
LEAD0047,Email,Retail,0,4,34,South,0
LEAD0048,Event,Healthcare,1,8,35,West,1
LEAD0049,Email,Healthcare,0,8,32,West,0
LEAD0050,Ad,Tech,1,0,54,East,1
LEAD0051,Ad,Retail,0,2,94,North,0
LEAD0052,Ad,Education,1,8,78,North,1
LEAD0053,Ad,Tech,1,1,40,South,0
LEAD0054,Event,Tech,1,3,73,East,0
LEAD0055,Referral,Education,1,3,94,East,1
LEAD0056,Web,Healthcare,1,1,49,West,1
LEAD0057,Ad,Finance,1,2,67,West,1
LEAD0058,Email,Retail,0,2,54,West,0
LEAD0059,Ad,Finance,1,0,57,South,0
LEAD0060,Email,Education,0,5,50,South,1
LEAD0061,Email,Tech,1,7,97,West,1
LEAD0062,Ad,Tech,1,2,43,East,1
LEAD0063,Event,Retail,1,4,68,South,1
LEAD0064,Email,Tech,1,0,51,East,1
LEAD0065,Email,Tech,1,9,74,East,1
LEAD0066,Ad,Retail,1,6,98,North,1
LEAD0067,Email,Retail,0,9,77,West,1
LEAD0068,Email,Education,1,0,22,North,1
LEAD0069,Ad,Tech,0,8,99,West,1
LEAD0070,Ad,Tech,1,7,88,West,0
LEAD0071,Web,Education,1,6,29,East,1
LEAD0072,Event,Healthcare,1,9,44,West,1
LEAD0073,Event,Healthcare,0,6,87,East,0
LEAD0074,Email,Healthcare,1,4,80,East,1
LEAD0075,Event,Education,0,4,48,West,0
LEAD0076,Email,Tech,1,4,38,East,0
LEAD0077,Web,Education,0,0,62,East,0
LEAD0078,Ad,Education,1,7,85,East,1
LEAD0079,Ad,Healthcare,1,0,93,South,1
LEAD0080,Ad,Finance,1,3,80,East,1
LEAD0081,Event,Tech,1,8,62,South,0
LEAD0082,Web,Healthcare,1,8,44,South,0
LEAD0083,Event,Finance,1,4,39,East,1
LEAD0084,Event,Finance,1,3,67,East,0
LEAD0085,Web,Retail,1,2,43,South,1
LEAD0086,Web,Tech,1,2,30,South,0
LEAD0087,Web,Finance,1,4,74,East,1
LEAD0088,Web,Healthcare,1,9,47,East,0
LEAD0089,Ad,Retail,0,0,88,West,1
LEAD0090,Referral,Tech,1,4,82,South,1
LEAD0091,Referral,Education,0,5,78,South,0
LEAD0092,Web,Healthcare,1,6,24,West,0
LEAD0093,Referral,Finance,1,8,70,South,0
LEAD0094,Referral,Finance,1,2,40,North,1
LEAD0095,Web,Healthcare,1,1,31,South,0
LEAD0096,Referral,Finance,1,2,69,West,1
LEAD0097,Event,Retail,1,8,23,North,1
LEAD0098,Email,Tech,1,6,61,East,1
LEAD0099,Email,Retail,0,8,57,West,0
LEAD0100,Web,Finance,1,1,44,West,0
LEAD0101,Ad,Education,0,4,33,East,0
LEAD0102,Web,Tech,1,3,94,West,0
LEAD0103,Ad,Tech,1,1,51,South,1
LEAD0104,Email,Healthcare,1,8,30,East,1
LEAD0105,Web,Healthcare,1,8,80,West,1
LEAD0106,Event,Education,1,5,37,East,1
LEAD0107,Referral,Tech,0,5,46,East,0
LEAD0108,Ad,Education,1,7,74,East,1
LEAD0109,Referral,Healthcare,1,5,73,North,1
LEAD0110,Referral,Healthcare,1,0,94,West,1
LEAD0111,Web,Tech,1,3,40,North,1
LEAD0112,Referral,Retail,1,6,63,West,1
LEAD0113,Event,Finance,0,1,24,South,1
LEAD0114,Referral,Healthcare,1,8,60,South,0
LEAD0115,Web,Healthcare,1,7,78,South,1
LEAD0116,Event,Retail,0,7,73,West,0
LEAD0117,Email,Retail,1,6,93,East,1
LEAD0118,Referral,Education,0,3,41,East,1
LEAD0119,Web,Education,0,1,84,North,0
LEAD0120,Email,Finance,0,2,83,North,0
LEAD0121,Email,Finance,1,5,90,South,1
LEAD0122,Ad,Tech,1,4,23,North,1
LEAD0123,Event,Education,1,7,84,West,1
LEAD0124,Referral,Healthcare,1,5,34,West,0
LEAD0125,Web,Education,1,5,95,North,1
LEAD0126,Ad,Healthcare,1,0,41,North,0
LEAD0127,Event,Retail,1,3,66,North,1
LEAD0128,Ad,Education,0,4,65,North,0
LEAD0129,Event,Retail,1,2,33,South,0
LEAD0130,Event,Finance,0,8,69,South,0
LEAD0131,Referral,Finance,1,0,39,North,0
LEAD0132,Event,Tech,1,5,69,West,1
LEAD0133,Ad,Education,0,5,52,South,0
LEAD0134,Event,Retail,0,9,78,West,1
LEAD0135,Referral,Healthcare,1,4,62,East,1
LEAD0136,Referral,Finance,1,4,98,West,0
LEAD0137,Ad,Finance,0,9,31,North,0
LEAD0138,Email,Healthcare,1,4,59,East,0
LEAD0139,Email,Retail,0,5,39,South,0
LEAD0140,Event,Retail,1,7,57,South,1
LEAD0141,Web,Education,1,1,22,East,0
LEAD0142,Event,Education,0,5,47,West,1
LEAD0143,Ad,Tech,0,0,75,South,1
LEAD0144,Ad,Finance,0,3,32,North,1
LEAD0145,Ad,Education,1,9,96,East,0
LEAD0146,Ad,Retail,0,2,85,North,0
LEAD0147,Ad,Healthcare,1,8,56,East,1
LEAD0148,Referral,Retail,0,2,68,South,0
LEAD0149,Email,Finance,1,5,85,West,1
LEAD0150,Ad,Retail,1,0,55,East,1
LEAD0151,Web,Tech,1,5,73,East,1
LEAD0152,Web,Finance,1,3,45,North,1
LEAD0153,Web,Healthcare,1,7,94,South,1
LEAD0154,Web,Tech,1,8,91,North,1
LEAD0155,Referral,Finance,1,3,59,South,1
LEAD0156,Web,Healthcare,1,9,62,North,1
LEAD0157,Ad,Tech,0,9,41,East,1
LEAD0158,Event,Tech,1,5,39,North,0
LEAD0159,Web,Finance,1,0,27,West,0
LEAD0160,Referral,Education,0,3,48,South,0
LEAD0161,Referral,Tech,1,6,59,South,1
LEAD0162,Web,Tech,1,0,49,East,1
LEAD0163,Event,Healthcare,1,7,74,South,1
LEAD0164,Web,Retail,1,9,35,West,1
LEAD0165,Referral,Finance,1,5,65,North,1
LEAD0166,Email,Finance,0,4,81,East,0
LEAD0167,Ad,Education,1,9,26,West,0
LEAD0168,Referral,Education,1,8,99,South,0
LEAD0169,Web,Finance,0,1,64,South,0
LEAD0170,Ad,Education,0,4,78,West,0
LEAD0171,Web,Healthcare,1,5,75,North,1
LEAD0172,Web,Finance,0,6,67,North,0
LEAD0173,Email,Education,1,4,46,East,0
LEAD0174,Ad,Finance,0,8,72,South,0
LEAD0175,Ad,Retail,0,0,92,West,1
LEAD0176,Email,Tech,0,6,54,North,0
LEAD0177,Referral,Finance,1,9,70,East,0
LEAD0178,Web,Tech,1,6,56,South,1
LEAD0179,Event,Education,1,3,76,South,0
LEAD0180,Web,Tech,1,8,27,East,1
LEAD0181,Web,Finance,0,4,98,East,0
LEAD0182,Referral,Retail,1,3,39,North,1
LEAD0183,Web,Education,1,6,72,West,1
LEAD0184,Email,Finance,1,3,31,South,0
LEAD0185,Email,Education,0,2,68,West,1
LEAD0186,Ad,Healthcare,1,8,36,South,0
LEAD0187,Event,Tech,0,7,83,South,1
LEAD0188,Web,Healthcare,1,0,61,West,0
LEAD0189,Web,Finance,1,6,48,East,1
LEAD0190,Referral,Retail,1,8,38,North,1
LEAD0191,Email,Education,1,7,30,South,1
LEAD0192,Event,Tech,1,7,69,East,1
LEAD0193,Ad,Education,1,5,90,South,1
LEAD0194,Email,Finance,1,3,77,North,1
LEAD0195,Ad,Education,1,7,53,South,1
LEAD0196,Referral,Tech,1,2,39,North,0
LEAD0197,Referral,Finance,1,8,69,North,1
LEAD0198,Web,Education,1,1,29,South,1
LEAD0199,Event,Retail,1,1,51,South,1
LEAD0200,Ad,Finance,1,6,71,North,1
LEAD0201,Email,Finance,0,9,34,East,0
LEAD0202,Referral,Retail,1,3,22,West,0
LEAD0203,Web,Healthcare,0,9,56,North,1
LEAD0204,Web,Tech,1,7,59,South,1
LEAD0205,Ad,Healthcare,1,8,91,South,1
LEAD0206,Referral,Education,1,6,59,East,0
LEAD0207,Event,Retail,1,4,75,West,1
LEAD0208,Referral,Healthcare,1,7,42,North,1
LEAD0209,Ad,Finance,1,3,30,North,0
LEAD0210,Ad,Education,1,1,83,West,1
LEAD0211,Referral,Education,0,5,27,North,0
LEAD0212,Ad,Healthcare,1,8,75,West,0
LEAD0213,Referral,Healthcare,0,0,79,South,0
LEAD0214,Email,Retail,1,9,29,West,0
LEAD0215,Referral,Tech,1,6,58,North,1
LEAD0216,Referral,Healthcare,1,9,47,West,0
LEAD0217,Ad,Healthcare,0,8,68,East,0
LEAD0218,Ad,Finance,0,9,55,South,0
LEAD0219,Web,Education,1,8,32,South,1
LEAD0220,Web,Tech,0,9,55,West,0
LEAD0221,Email,Finance,0,2,45,North,0
LEAD0222,Web,Retail,0,4,23,East,0
LEAD0223,Referral,Retail,1,7,83,South,1
LEAD0224,Ad,Healthcare,1,7,57,South,1
LEAD0225,Web,Healthcare,1,3,41,North,1
LEAD0226,Web,Retail,0,0,21,North,1
LEAD0227,Email,Healthcare,1,0,50,East,1
LEAD0228,Email,Tech,1,3,30,West,1
LEAD0229,Referral,Healthcare,1,5,65,North,1
LEAD0230,Ad,Education,0,7,81,West,0
LEAD0231,Email,Healthcare,0,5,88,East,1
LEAD0232,Web,Finance,0,8,83,West,0
LEAD0233,Ad,Tech,1,8,29,South,0
LEAD0234,Ad,Finance,1,1,59,West,1
LEAD0235,Web,Finance,0,9,43,East,1
LEAD0236,Email,Education,0,0,63,East,0
LEAD0237,Web,Tech,0,1,79,East,1
LEAD0238,Ad,Tech,1,4,81,West,1
LEAD0239,Event,Tech,0,3,36,South,0
LEAD0240,Event,Tech,1,3,84,North,1
LEAD0241,Referral,Tech,1,8,76,South,1
LEAD0242,Web,Education,1,7,74,West,0
LEAD0243,Web,Healthcare,0,5,72,West,0
LEAD0244,Referral,Finance,0,0,75,North,0
LEAD0245,Referral,Tech,1,1,28,West,0
LEAD0246,Referral,Healthcare,1,5,41,East,1
LEAD0247,Ad,Healthcare,1,1,32,East,0
LEAD0248,Web,Finance,1,9,67,East,1
LEAD0249,Ad,Education,0,4,37,East,0
LEAD0250,Referral,Retail,1,4,95,East,0
LEAD0251,Web,Retail,1,5,59,West,1
LEAD0252,Ad,Healthcare,0,5,36,North,0
LEAD0253,Ad,Finance,1,5,34,North,1
LEAD0254,Referral,Retail,1,1,34,East,1
LEAD0255,Web,Healthcare,1,9,98,West,1
LEAD0256,Referral,Education,1,2,82,South,0
LEAD0257,Web,Retail,1,5,58,South,1
LEAD0258,Event,Healthcare,1,7,32,West,1
LEAD0259,Email,Healthcare,0,0,51,East,1
LEAD0260,Email,Tech,1,0,28,North,1
LEAD0261,Email,Education,1,1,59,West,1
LEAD0262,Referral,Tech,0,5,39,South,0
LEAD0263,Event,Finance,1,8,96,South,0
LEAD0264,Web,Tech,1,3,99,South,1
LEAD0265,Ad,Tech,1,2,92,East,1
LEAD0266,Web,Retail,1,7,82,South,0
LEAD0267,Ad,Healthcare,1,9,95,West,1
LEAD0268,Web,Education,0,8,63,West,0
LEAD0269,Event,Tech,0,4,57,South,1
LEAD0270,Ad,Education,0,8,79,West,0
LEAD0271,Referral,Tech,1,1,90,South,0
LEAD0272,Web,Finance,1,2,67,South,0
LEAD0273,Web,Tech,0,6,37,North,0
LEAD0274,Ad,Retail,1,6,35,East,0
LEAD0275,Referral,Healthcare,1,5,74,East,0
LEAD0276,Referral,Finance,1,5,58,North,0
LEAD0277,Event,Tech,1,1,87,North,1
LEAD0278,Referral,Education,0,9,78,East,0
LEAD0279,Referral,Finance,1,5,81,South,1
LEAD0280,Referral,Finance,1,3,32,South,0
LEAD0281,Email,Tech,1,2,25,East,1
LEAD0282,Event,Finance,1,1,96,South,1
LEAD0283,Web,Education,1,0,79,North,1
LEAD0284,Ad,Finance,1,4,33,South,0
LEAD0285,Web,Education,0,1,73,South,0
LEAD0286,Event,Tech,1,1,23,West,0
LEAD0287,Ad,Healthcare,1,6,58,West,1
LEAD0288,Event,Finance,1,7,91,West,1
LEAD0289,Referral,Healthcare,0,9,44,South,0
LEAD0290,Ad,Education,0,7,96,East,0
LEAD0291,Referral,Finance,0,3,51,North,0
LEAD0292,Web,Retail,1,0,78,South,1
LEAD0293,Web,Healthcare,1,6,82,East,0
LEAD0294,Ad,Finance,0,0,57,South,1
LEAD0295,Ad,Healthcare,1,3,72,North,0
LEAD0296,Event,Finance,1,7,86,South,1
LEAD0297,Event,Tech,1,1,47,North,1
LEAD0298,Referral,Healthcare,1,5,22,South,0
LEAD0299,Ad,Retail,1,5,99,North,1
LEAD0300,Web,Retail,1,8,41,South,0
LEAD0301,Event,Education,0,4,57,North,0
LEAD0302,Event,Finance,1,9,91,West,1
LEAD0303,Web,Healthcare,1,3,91,South,1
LEAD0304,Event,Education,1,4,81,South,1
LEAD0305,Referral,Healthcare,1,9,76,East,1
LEAD0306,Ad,Finance,1,4,25,East,1
LEAD0307,Web,Retail,0,7,97,North,0
LEAD0308,Ad,Tech,1,9,51,South,1
LEAD0309,Event,Retail,0,7,29,North,0
LEAD0310,Event,Education,0,1,22,West,1
LEAD0311,Web,Tech,1,6,78,East,1
LEAD0312,Referral,Education,1,7,95,North,1
LEAD0313,Email,Finance,0,5,68,North,1
LEAD0314,Web,Tech,1,4,78,East,1
LEAD0315,Email,Education,1,8,50,South,0
LEAD0316,Email,Finance,0,2,88,North,1
LEAD0317,Referral,Retail,1,9,81,East,0
LEAD0318,Email,Finance,1,3,71,South,1
LEAD0319,Email,Healthcare,1,8,60,West,1
LEAD0320,Referral,Finance,0,5,50,East,1
LEAD0321,Email,Finance,1,7,41,North,1
LEAD0322,Email,Healthcare,1,6,23,West,0
LEAD0323,Email,Education,1,1,32,South,1
LEAD0324,Web,Education,0,2,64,South,0
LEAD0325,Web,Finance,1,0,61,East,0
LEAD0326,Web,Healthcare,0,8,68,East,1
LEAD0327,Referral,Healthcare,1,6,39,East,1
LEAD0328,Event,Retail,0,0,96,South,0
LEAD0329,Email,Education,1,2,73,West,0
LEAD0330,Email,Tech,1,3,55,South,1
LEAD0331,Referral,Education,1,3,20,North,0
LEAD0332,Email,Education,0,4,34,South,0
LEAD0333,Web,Retail,1,2,96,North,1
LEAD0334,Event,Tech,1,2,36,West,0
LEAD0335,Ad,Retail,1,0,43,East,1
LEAD0336,Email,Tech,1,6,77,East,1
LEAD0337,Web,Finance,1,9,91,South,1
LEAD0338,Ad,Tech,1,0,42,East,0
LEAD0339,Event,Retail,1,1,65,West,1
LEAD0340,Ad,Education,1,3,91,East,1
LEAD0341,Web,Tech,1,3,27,South,1
LEAD0342,Ad,Tech,1,4,78,West,1
LEAD0343,Referral,Healthcare,1,1,78,North,1
LEAD0344,Ad,Education,0,3,32,South,0
LEAD0345,Email,Finance,1,0,58,North,1
LEAD0346,Email,Retail,1,1,47,West,0
LEAD0347,Referral,Finance,1,0,80,South,1
LEAD0348,Web,Education,0,9,35,South,0
LEAD0349,Email,Tech,1,9,21,West,0
LEAD0350,Event,Tech,1,3,36,East,0
LEAD0351,Email,Education,1,3,49,South,0
LEAD0352,Email,Tech,0,6,32,South,0
LEAD0353,Web,Tech,1,9,32,North,1
LEAD0354,Ad,Tech,1,8,62,East,1
LEAD0355,Email,Retail,1,8,40,North,0
LEAD0356,Referral,Retail,1,4,74,North,1
LEAD0357,Ad,Healthcare,1,9,59,East,1
LEAD0358,Event,Finance,1,0,34,East,1
LEAD0359,Web,Education,0,0,92,West,1
LEAD0360,Event,Education,1,5,71,East,1
LEAD0361,Ad,Education,1,1,93,South,1
LEAD0362,Ad,Healthcare,0,7,72,East,0
LEAD0363,Ad,Retail,0,8,71,West,1
LEAD0364,Event,Healthcare,1,3,49,West,0
LEAD0365,Ad,Education,1,4,52,West,0
LEAD0366,Event,Finance,1,7,76,East,0
LEAD0367,Ad,Tech,1,2,71,East,0
LEAD0368,Referral,Retail,1,4,28,North,1
LEAD0369,Ad,Retail,1,2,73,North,1
LEAD0370,Event,Healthcare,0,9,20,South,0
LEAD0371,Email,Retail,1,2,63,North,1
LEAD0372,Ad,Education,1,2,94,South,1
LEAD0373,Email,Education,0,6,99,West,1
LEAD0374,Referral,Healthcare,0,6,28,North,0
LEAD0375,Web,Education,1,6,51,East,1
LEAD0376,Referral,Finance,1,9,34,North,1
LEAD0377,Ad,Healthcare,1,7,31,South,1
LEAD0378,Email,Finance,1,4,97,North,1
LEAD0379,Email,Tech,1,4,76,West,1
LEAD0380,Event,Finance,1,3,27,East,1
LEAD0381,Email,Tech,1,6,91,South,1
LEAD0382,Event,Tech,1,9,46,East,1
LEAD0383,Web,Finance,0,3,81,East,0
LEAD0384,Ad,Healthcare,1,1,31,South,1
LEAD0385,Event,Education,1,3,84,East,1
LEAD0386,Web,Education,1,7,61,East,1
LEAD0387,Email,Tech,1,8,81,North,0
LEAD0388,Email,Tech,1,2,30,East,0
LEAD0389,Web,Healthcare,0,6,62,East,0
LEAD0390,Email,Retail,1,8,36,East,1
LEAD0391,Web,Finance,1,3,51,East,0
LEAD0392,Event,Tech,0,9,59,South,0
LEAD0393,Event,Education,0,2,42,West,0
LEAD0394,Web,Healthcare,1,4,75,North,1
LEAD0395,Event,Finance,0,0,25,East,1
LEAD0396,Event,Healthcare,1,2,69,East,1
LEAD0397,Event,Finance,0,7,56,South,0
LEAD0398,Referral,Finance,1,7,83,West,1
LEAD0399,Ad,Tech,0,3,73,East,0
LEAD0400,Email,Healthcare,1,1,91,South,1
LEAD0401,Referral,Healthcare,1,7,68,North,0
LEAD0402,Event,Education,1,7,30,North,1
LEAD0403,Web,Education,0,9,68,East,1
LEAD0404,Event,Tech,1,3,40,East,1
LEAD0405,Ad,Tech,1,2,85,West,1
LEAD0406,Event,Retail,1,1,82,West,1
LEAD0407,Web,Education,0,8,47,East,0
LEAD0408,Ad,Finance,0,0,36,South,0
LEAD0409,Event,Healthcare,1,6,25,West,0
LEAD0410,Ad,Tech,1,4,38,East,1
LEAD0411,Email,Healthcare,1,7,75,West,1
LEAD0412,Email,Healthcare,1,3,47,East,1
LEAD0413,Event,Retail,1,6,85,North,1
LEAD0414,Ad,Education,0,4,57,East,0
LEAD0415,Web,Tech,1,4,56,North,1
LEAD0416,Event,Healthcare,0,8,87,West,1
LEAD0417,Email,Tech,1,8,68,East,1
LEAD0418,Email,Finance,1,8,62,West,1
LEAD0419,Event,Retail,1,5,55,North,0
LEAD0420,Ad,Finance,0,5,77,East,0
LEAD0421,Email,Tech,0,4,32,West,0
LEAD0422,Ad,Tech,0,8,71,North,0
LEAD0423,Email,Education,0,9,77,West,1
LEAD0424,Email,Healthcare,0,7,51,South,0
LEAD0425,Referral,Healthcare,1,6,79,North,1
LEAD0426,Email,Finance,0,6,77,North,0
LEAD0427,Web,Retail,0,5,75,North,0
LEAD0428,Event,Healthcare,1,4,47,East,1
LEAD0429,Event,Education,1,3,20,East,1
LEAD0430,Ad,Finance,1,2,61,East,1
LEAD0431,Email,Finance,0,2,67,South,0
LEAD0432,Web,Education,1,5,59,South,1
LEAD0433,Ad,Retail,0,3,82,North,0
LEAD0434,Referral,Education,0,5,95,South,1
LEAD0435,Ad,Retail,1,2,91,West,1
LEAD0436,Ad,Education,0,3,99,North,0
LEAD0437,Email,Education,1,8,23,North,0
LEAD0438,Referral,Tech,1,4,57,West,0
LEAD0439,Ad,Finance,1,6,46,North,1
LEAD0440,Web,Education,1,9,28,South,0
LEAD0441,Web,Education,0,1,35,East,0
LEAD0442,Event,Healthcare,1,4,75,West,1
LEAD0443,Referral,Finance,1,8,95,South,1
LEAD0444,Referral,Healthcare,1,2,50,West,1
LEAD0445,Event,Finance,1,8,33,West,0
LEAD0446,Ad,Healthcare,0,5,44,North,0
LEAD0447,Referral,Education,1,3,53,North,1
LEAD0448,Web,Education,0,6,86,South,1
LEAD0449,Web,Tech,1,7,43,West,1
LEAD0450,Email,Healthcare,1,5,92,North,1
LEAD0451,Referral,Retail,0,4,45,North,1
LEAD0452,Ad,Tech,1,5,39,West,1
LEAD0453,Event,Healthcare,0,4,83,South,1
LEAD0454,Event,Healthcare,1,7,29,South,1
LEAD0455,Ad,Tech,1,0,86,West,1
LEAD0456,Email,Education,1,6,43,South,0
LEAD0457,Event,Healthcare,1,9,24,North,1
LEAD0458,Referral,Education,1,9,86,West,1
LEAD0459,Email,Tech,0,1,77,North,0
LEAD0460,Referral,Education,0,8,46,East,0
LEAD0461,Web,Finance,0,0,99,East,1
LEAD0462,Email,Retail,0,9,34,South,0
LEAD0463,Event,Healthcare,1,5,54,East,1
LEAD0464,Email,Retail,1,8,95,North,1
LEAD0465,Email,Education,1,0,72,East,1
LEAD0466,Email,Healthcare,0,3,63,North,1
LEAD0467,Email,Education,1,3,45,South,1
LEAD0468,Referral,Finance,1,8,66,South,1
LEAD0469,Web,Tech,0,4,53,North,0
LEAD0470,Ad,Healthcare,1,4,69,East,0
LEAD0471,Email,Finance,1,5,31,South,1
LEAD0472,Event,Finance,0,0,23,West,1
LEAD0473,Email,Healthcare,1,0,67,South,1
LEAD0474,Event,Education,1,8,74,East,0
LEAD0475,Referral,Finance,0,2,20,West,0
LEAD0476,Event,Retail,1,3,85,East,1
LEAD0477,Ad,Finance,1,0,49,North,1
LEAD0478,Web,Education,1,8,22,West,1
LEAD0479,Event,Education,1,7,40,East,0
LEAD0480,Event,Retail,1,1,68,West,0
LEAD0481,Web,Finance,1,7,81,East,1
LEAD0482,Ad,Education,1,6,57,West,1
LEAD0483,Email,Healthcare,0,5,34,East,0
LEAD0484,Event,Tech,1,0,71,North,0
LEAD0485,Web,Tech,1,6,98,West,1
LEAD0486,Referral,Tech,1,9,65,West,1
LEAD0487,Web,Finance,0,6,44,West,0
LEAD0488,Referral,Retail,1,8,40,West,1
LEAD0489,Ad,Education,0,0,24,North,0
LEAD0490,Email,Healthcare,0,1,89,West,0
LEAD0491,Web,Healthcare,0,8,66,South,0
LEAD0492,Event,Finance,1,8,87,North,0
LEAD0493,Ad,Tech,1,5,37,South,1
LEAD0494,Web,Finance,1,5,40,West,1
LEAD0495,Event,Retail,0,3,42,East,0
LEAD0496,Web,Retail,1,3,83,South,0
LEAD0497,Referral,Education,1,4,86,West,1
LEAD0498,Web,Education,1,2,59,South,1
LEAD0499,Web,Retail,0,0,29,West,0
LEAD0500,Web,Retail,1,0,71,West,1
LEAD0501,Ad,Retail,1,6,91,West,1
LEAD0502,Web,Finance,1,0,94,East,0
LEAD0503,Event,Retail,0,0,80,South,1
LEAD0504,Referral,Healthcare,0,2,83,North,0
LEAD0505,Referral,Tech,1,9,24,North,1
LEAD0506,Web,Retail,1,3,72,North,0
LEAD0507,Ad,Tech,1,3,74,North,1
LEAD0508,Ad,Finance,1,1,56,West,0
LEAD0509,Event,Tech,0,0,75,South,0
LEAD0510,Web,Finance,1,2,78,South,0
LEAD0511,Referral,Healthcare,1,3,88,East,1
LEAD0512,Ad,Finance,1,2,92,South,0
LEAD0513,Web,Finance,1,7,78,South,1
LEAD0514,Ad,Education,1,9,21,South,1
LEAD0515,Ad,Retail,0,0,84,East,1
LEAD0516,Referral,Retail,1,1,79,North,1
LEAD0517,Email,Healthcare,0,6,70,South,0
LEAD0518,Event,Healthcare,1,3,49,East,0
LEAD0519,Event,Retail,1,7,30,East,0
LEAD0520,Referral,Education,1,2,95,West,0
LEAD0521,Ad,Retail,1,5,58,East,1
LEAD0522,Web,Education,1,8,96,North,1
LEAD0523,Ad,Healthcare,1,0,91,South,1
LEAD0524,Referral,Tech,1,0,82,East,1
LEAD0525,Event,Healthcare,0,7,83,North,0
LEAD0526,Ad,Healthcare,1,2,80,East,1
LEAD0527,Event,Finance,1,4,73,East,1
LEAD0528,Web,Finance,1,0,92,East,0
LEAD0529,Event,Finance,1,4,77,East,1
LEAD0530,Event,Finance,1,5,75,East,1
LEAD0531,Email,Education,0,7,53,North,1
LEAD0532,Email,Retail,1,2,50,South,1
LEAD0533,Email,Tech,0,2,71,South,1
LEAD0534,Event,Healthcare,0,9,95,South,1
LEAD0535,Referral,Education,0,8,20,South,1
LEAD0536,Event,Tech,1,3,74,North,1
LEAD0537,Referral,Education,1,3,41,West,0
LEAD0538,Referral,Education,0,6,59,West,0
LEAD0539,Email,Healthcare,1,1,20,North,1
LEAD0540,Ad,Retail,1,7,84,North,1
LEAD0541,Web,Finance,0,5,82,East,0
LEAD0542,Email,Retail,1,2,73,East,1
LEAD0543,Email,Healthcare,1,8,61,East,1
LEAD0544,Ad,Healthcare,1,4,40,South,0
LEAD0545,Web,Healthcare,1,7,98,East,1
LEAD0546,Event,Tech,1,6,41,West,1
LEAD0547,Event,Retail,1,7,57,South,1
LEAD0548,Email,Retail,1,6,99,East,1
LEAD0549,Web,Education,1,2,27,South,1
LEAD0550,Email,Education,0,1,81,West,0
LEAD0551,Referral,Education,1,6,66,East,1
LEAD0552,Email,Healthcare,1,2,36,West,1
LEAD0553,Email,Retail,0,2,36,West,0
LEAD0554,Event,Healthcare,0,1,32,West,1
LEAD0555,Event,Tech,1,3,36,East,1
LEAD0556,Event,Education,1,7,57,North,1
LEAD0557,Referral,Healthcare,1,0,97,East,1
LEAD0558,Event,Healthcare,1,0,64,West,1
LEAD0559,Web,Tech,0,4,25,East,0
LEAD0560,Ad,Finance,1,4,54,West,1
LEAD0561,Web,Retail,0,0,33,North,0
LEAD0562,Web,Finance,1,5,91,South,1
LEAD0563,Event,Education,1,0,80,North,1
LEAD0564,Ad,Healthcare,1,4,34,North,0
LEAD0565,Ad,Tech,1,8,73,South,1
LEAD0566,Ad,Tech,1,4,46,East,1
LEAD0567,Referral,Retail,1,5,32,South,0
LEAD0568,Event,Finance,1,7,50,East,1
LEAD0569,Ad,Retail,1,0,54,East,1
LEAD0570,Referral,Healthcare,1,1,79,West,0
LEAD0571,Email,Retail,1,8,25,West,0
LEAD0572,Email,Tech,1,2,88,South,1
LEAD0573,Referral,Tech,1,5,77,North,0
LEAD0574,Referral,Education,0,4,68,South,1
LEAD0575,Event,Education,1,1,42,East,1
LEAD0576,Event,Healthcare,1,6,53,West,1
LEAD0577,Email,Finance,0,3,45,South,0
LEAD0578,Ad,Retail,0,0,66,South,1
LEAD0579,Email,Healthcare,0,3,24,West,0
LEAD0580,Ad,Education,1,5,39,West,1
LEAD0581,Ad,Retail,1,6,25,West,0
LEAD0582,Event,Education,1,6,89,East,1
LEAD0583,Web,Retail,1,6,78,West,1
LEAD0584,Web,Finance,1,2,83,North,1
LEAD0585,Referral,Healthcare,1,5,37,South,1
LEAD0586,Event,Retail,1,7,23,West,0
LEAD0587,Ad,Tech,1,3,36,West,1
LEAD0588,Web,Tech,1,7,33,East,0
LEAD0589,Ad,Retail,1,1,97,East,1
LEAD0590,Web,Retail,0,9,32,South,0
LEAD0591,Web,Retail,1,8,26,North,0
LEAD0592,Web,Tech,1,8,63,South,1
LEAD0593,Event,Tech,1,7,34,West,1
LEAD0594,Email,Retail,0,9,38,North,0
LEAD0595,Ad,Education,0,9,82,North,1
LEAD0596,Event,Education,1,0,54,North,1
LEAD0597,Event,Finance,0,1,54,North,0
LEAD0598,Event,Healthcare,1,5,38,South,1
LEAD0599,Event,Education,0,9,39,East,0
LEAD0600,Event,Tech,1,4,54,East,0
LEAD0601,Referral,Education,1,8,51,West,1
LEAD0602,Ad,Finance,1,4,67,East,1
LEAD0603,Event,Finance,1,1,63,East,1
LEAD0604,Ad,Healthcare,0,9,43,East,0
LEAD0605,Referral,Education,0,3,80,East,1
LEAD0606,Referral,Tech,1,8,36,West,1
LEAD0607,Ad,Tech,1,0,90,South,0
LEAD0608,Web,Retail,1,0,69,North,1
LEAD0609,Email,Tech,1,6,84,East,1
LEAD0610,Web,Healthcare,1,2,51,South,0
LEAD0611,Web,Healthcare,1,9,55,East,1
LEAD0612,Web,Tech,1,1,32,East,0
LEAD0613,Event,Tech,0,8,89,North,0
LEAD0614,Referral,Retail,1,2,77,North,1
LEAD0615,Web,Tech,1,1,33,North,1
LEAD0616,Referral,Retail,1,7,56,East,0
LEAD0617,Ad,Retail,0,9,98,East,1
LEAD0618,Email,Tech,1,5,87,East,1
LEAD0619,Ad,Finance,1,5,59,North,1
LEAD0620,Ad,Finance,1,9,78,West,1
LEAD0621,Event,Retail,1,6,99,South,1
LEAD0622,Email,Tech,1,6,35,West,1
LEAD0623,Ad,Finance,1,5,81,East,1
LEAD0624,Ad,Tech,0,3,23,East,0
LEAD0625,Email,Tech,1,8,64,West,1
LEAD0626,Email,Tech,0,5,47,East,0
LEAD0627,Ad,Education,1,3,85,South,0
LEAD0628,Email,Tech,1,2,50,East,1
LEAD0629,Ad,Education,0,3,22,South,1
LEAD0630,Ad,Retail,1,2,27,West,0
LEAD0631,Event,Finance,0,1,43,West,0
LEAD0632,Web,Finance,1,4,34,East,1
LEAD0633,Ad,Finance,1,1,62,South,1
LEAD0634,Referral,Finance,1,5,50,East,1
LEAD0635,Web,Finance,0,2,92,North,1
LEAD0636,Web,Finance,1,5,64,North,0
LEAD0637,Web,Finance,1,9,85,North,1
LEAD0638,Event,Retail,1,8,27,North,1
LEAD0639,Ad,Tech,1,0,90,East,0
LEAD0640,Event,Healthcare,0,5,76,North,1
LEAD0641,Ad,Education,1,8,99,South,1
LEAD0642,Event,Healthcare,0,3,49,West,0
LEAD0643,Event,Healthcare,1,1,93,West,1
LEAD0644,Referral,Tech,1,3,37,North,0
LEAD0645,Event,Tech,0,0,88,North,0
LEAD0646,Email,Tech,0,2,58,North,0
LEAD0647,Referral,Finance,0,9,79,East,0
LEAD0648,Event,Retail,1,8,62,West,1
LEAD0649,Web,Finance,1,9,64,North,1
LEAD0650,Email,Retail,1,4,42,South,0
LEAD0651,Email,Retail,0,5,88,North,0
LEAD0652,Email,Healthcare,0,2,25,West,0
LEAD0653,Referral,Healthcare,1,4,75,North,1
LEAD0654,Event,Retail,0,7,23,West,0
LEAD0655,Event,Retail,1,5,42,North,1
LEAD0656,Web,Finance,1,3,25,South,1
LEAD0657,Web,Finance,1,1,51,North,1
LEAD0658,Email,Healthcare,1,8,37,South,1
LEAD0659,Web,Tech,1,0,34,South,1
LEAD0660,Referral,Retail,0,0,59,North,0
LEAD0661,Event,Finance,0,3,92,South,1
LEAD0662,Email,Healthcare,0,6,93,East,0
LEAD0663,Web,Finance,1,0,25,North,1
LEAD0664,Referral,Retail,0,8,82,North,1
LEAD0665,Referral,Retail,1,3,86,South,0
LEAD0666,Web,Education,1,2,30,South,1
LEAD0667,Event,Tech,1,0,62,North,0
LEAD0668,Web,Education,1,9,36,East,0
LEAD0669,Email,Healthcare,0,3,23,South,0
LEAD0670,Web,Finance,1,8,82,South,1
LEAD0671,Referral,Healthcare,1,9,87,West,0
LEAD0672,Web,Retail,0,5,60,East,0
LEAD0673,Event,Education,0,5,24,East,0
LEAD0674,Ad,Education,1,0,51,North,1
LEAD0675,Web,Education,1,9,89,East,1
LEAD0676,Event,Healthcare,1,1,54,North,0
LEAD0677,Event,Retail,1,5,41,West,0
LEAD0678,Referral,Finance,1,1,84,East,0
LEAD0679,Event,Finance,1,2,41,South,1
LEAD0680,Event,Healthcare,1,3,30,West,1
LEAD0681,Event,Education,1,4,96,North,1
LEAD0682,Event,Tech,1,8,22,West,1
LEAD0683,Email,Healthcare,1,3,28,North,1
LEAD0684,Email,Healthcare,1,8,79,West,0
LEAD0685,Referral,Retail,1,9,95,North,0
LEAD0686,Web,Finance,1,2,33,East,1
LEAD0687,Event,Healthcare,1,7,37,South,1
LEAD0688,Web,Healthcare,1,0,92,North,1
LEAD0689,Web,Education,1,8,42,West,1
LEAD0690,Referral,Education,1,8,93,North,1
LEAD0691,Event,Tech,0,9,66,North,0
LEAD0692,Event,Retail,1,1,88,North,0
LEAD0693,Ad,Tech,0,3,66,West,1
LEAD0694,Web,Education,1,7,49,South,1
LEAD0695,Web,Finance,1,6,44,East,0
LEAD0696,Email,Education,1,0,47,South,1
LEAD0697,Ad,Retail,1,4,44,North,1
LEAD0698,Email,Education,1,6,93,West,1
LEAD0699,Email,Retail,1,3,97,South,1
LEAD0700,Email,Retail,1,0,77,North,0
LEAD0701,Referral,Retail,1,8,60,East,1
LEAD0702,Referral,Retail,0,4,44,East,1
LEAD0703,Email,Retail,0,1,97,East,1
LEAD0704,Ad,Finance,1,7,67,North,1
LEAD0705,Web,Tech,1,1,29,West,0
LEAD0706,Ad,Healthcare,0,2,94,South,0
LEAD0707,Event,Tech,0,9,30,East,0
LEAD0708,Referral,Retail,0,0,40,North,0
LEAD0709,Web,Finance,1,1,64,North,1
LEAD0710,Web,Education,1,6,26,South,1
LEAD0711,Event,Finance,1,9,83,East,1
LEAD0712,Event,Retail,0,1,83,North,0
LEAD0713,Email,Finance,1,5,21,South,1
LEAD0714,Referral,Finance,0,2,95,West,1
LEAD0715,Referral,Retail,0,3,61,West,0
LEAD0716,Ad,Finance,1,7,73,West,0
LEAD0717,Email,Healthcare,0,2,94,East,0
LEAD0718,Email,Healthcare,0,9,35,South,0
LEAD0719,Email,Finance,0,5,37,South,1
LEAD0720,Email,Education,0,0,78,North,1
LEAD0721,Referral,Retail,0,6,35,North,1
LEAD0722,Referral,Healthcare,1,7,25,North,1
LEAD0723,Email,Education,1,7,76,South,1
LEAD0724,Ad,Finance,1,2,66,North,1
LEAD0725,Web,Education,1,9,67,South,1
LEAD0726,Web,Tech,0,0,61,South,1
LEAD0727,Ad,Healthcare,1,8,95,West,1
LEAD0728,Email,Finance,1,5,79,North,0
LEAD0729,Referral,Retail,0,8,96,West,0
LEAD0730,Web,Finance,1,6,23,East,1
LEAD0731,Event,Retail,0,0,21,East,0
LEAD0732,Event,Finance,1,0,78,East,0
LEAD0733,Ad,Education,1,5,46,South,0
LEAD0734,Email,Education,1,4,46,South,1
LEAD0735,Web,Education,1,8,98,South,1
LEAD0736,Email,Tech,1,1,91,North,1
LEAD0737,Web,Retail,1,7,26,West,0
LEAD0738,Ad,Education,0,4,82,South,0
LEAD0739,Ad,Tech,0,1,65,West,1
LEAD0740,Event,Retail,1,9,82,West,1
LEAD0741,Email,Finance,1,5,31,West,1
LEAD0742,Event,Tech,1,9,32,North,1
LEAD0743,Email,Healthcare,1,7,62,North,1
LEAD0744,Event,Tech,1,3,36,East,1
LEAD0745,Referral,Tech,1,1,82,East,1
LEAD0746,Referral,Retail,1,4,55,West,1
LEAD0747,Referral,Finance,1,1,27,East,1
LEAD0748,Referral,Healthcare,1,1,88,West,1
LEAD0749,Web,Education,1,5,99,North,0
LEAD0750,Referral,Education,0,9,55,North,0
LEAD0751,Ad,Tech,1,8,47,North,1
LEAD0752,Ad,Retail,0,3,66,South,0
LEAD0753,Web,Retail,0,5,95,West,0
LEAD0754,Referral,Education,0,6,49,North,0
LEAD0755,Referral,Healthcare,1,5,42,West,0
LEAD0756,Referral,Finance,1,7,35,East,0
LEAD0757,Event,Healthcare,0,3,33,East,0
LEAD0758,Email,Finance,1,0,93,North,1
LEAD0759,Event,Education,1,6,90,West,1
LEAD0760,Email,Finance,1,2,71,North,1
LEAD0761,Referral,Retail,0,5,56,East,0
LEAD0762,Referral,Tech,1,1,48,North,0
LEAD0763,Event,Tech,1,8,86,West,1
LEAD0764,Event,Education,0,0,34,East,1
LEAD0765,Email,Retail,0,5,66,South,0
LEAD0766,Ad,Healthcare,1,5,65,East,0
LEAD0767,Email,Retail,1,4,71,South,1
LEAD0768,Event,Tech,1,4,38,North,1
LEAD0769,Event,Tech,1,0,96,North,1
LEAD0770,Web,Retail,1,9,40,West,0
LEAD0771,Event,Retail,1,4,83,South,1
LEAD0772,Web,Tech,0,1,56,North,0
LEAD0773,Ad,Healthcare,1,6,46,South,1
LEAD0774,Email,Education,1,2,74,North,1
LEAD0775,Email,Education,1,3,48,East,1
LEAD0776,Web,Retail,1,2,39,North,1
LEAD0777,Email,Education,1,2,44,West,1
LEAD0778,Event,Tech,0,3,89,East,0
LEAD0779,Referral,Tech,1,4,82,West,1
LEAD0780,Web,Retail,0,0,55,East,0
LEAD0781,Email,Retail,1,3,21,South,0
LEAD0782,Web,Retail,0,7,41,West,0
LEAD0783,Web,Healthcare,0,9,35,North,0
LEAD0784,Referral,Education,1,6,37,South,1
LEAD0785,Event,Retail,0,8,88,North,0
LEAD0786,Web,Finance,1,4,73,East,0
LEAD0787,Email,Finance,1,9,49,East,0
LEAD0788,Ad,Tech,0,3,64,North,0
LEAD0789,Web,Education,0,7,38,North,0
LEAD0790,Web,Retail,1,8,53,South,1
LEAD0791,Referral,Finance,1,6,32,North,1
LEAD0792,Event,Education,1,6,62,West,1
LEAD0793,Ad,Tech,1,4,81,West,0
LEAD0794,Email,Healthcare,1,3,41,North,0
LEAD0795,Ad,Education,1,9,71,West,0
LEAD0796,Email,Education,1,0,71,North,1
LEAD0797,Event,Healthcare,1,9,55,South,1
LEAD0798,Email,Education,0,9,92,West,1
LEAD0799,Referral,Tech,1,6,38,West,1
LEAD0800,Referral,Tech,1,0,57,North,0
LEAD0801,Referral,Healthcare,1,0,89,West,1
LEAD0802,Referral,Retail,1,4,98,East,1
LEAD0803,Ad,Finance,1,8,76,South,1
LEAD0804,Event,Retail,1,5,39,South,0
LEAD0805,Email,Education,1,2,28,West,0
LEAD0806,Email,Finance,1,2,51,West,1
LEAD0807,Referral,Healthcare,1,6,23,East,0
LEAD0808,Referral,Healthcare,1,5,69,East,1
LEAD0809,Web,Finance,1,8,24,West,1
LEAD0810,Event,Tech,1,5,39,West,0
LEAD0811,Ad,Finance,1,4,94,East,1
LEAD0812,Email,Education,1,9,56,North,0
LEAD0813,Web,Tech,1,6,41,East,1
LEAD0814,Web,Healthcare,0,0,77,North,1
LEAD0815,Email,Finance,1,6,87,South,1
LEAD0816,Ad,Retail,0,2,63,South,1
LEAD0817,Web,Retail,1,8,53,East,1
LEAD0818,Web,Education,1,5,96,North,1
LEAD0819,Event,Retail,0,8,61,East,0
LEAD0820,Ad,Finance,0,4,28,East,0
LEAD0821,Web,Finance,1,6,26,North,1
LEAD0822,Ad,Retail,1,3,87,East,1
LEAD0823,Email,Finance,1,6,38,South,1
LEAD0824,Referral,Education,0,0,50,West,1
LEAD0825,Web,Tech,1,6,54,West,1
LEAD0826,Event,Education,1,7,76,East,1
LEAD0827,Email,Education,1,4,80,North,1
LEAD0828,Ad,Finance,1,1,50,North,1
LEAD0829,Email,Tech,1,4,72,South,1
LEAD0830,Web,Finance,0,5,51,North,0
LEAD0831,Ad,Healthcare,1,1,85,North,1
LEAD0832,Referral,Finance,1,5,78,South,1
LEAD0833,Email,Finance,1,5,29,East,1
LEAD0834,Web,Finance,0,0,21,West,0
LEAD0835,Event,Tech,1,0,85,South,1
LEAD0836,Ad,Finance,0,9,79,East,0
LEAD0837,Email,Tech,1,2,36,South,1
LEAD0838,Email,Retail,1,9,35,East,0
LEAD0839,Referral,Healthcare,1,9,35,South,0
LEAD0840,Referral,Tech,0,2,65,East,1
LEAD0841,Event,Retail,0,3,58,South,0
LEAD0842,Event,Tech,1,1,50,East,0
LEAD0843,Web,Tech,0,8,20,South,1
LEAD0844,Web,Healthcare,0,9,30,West,1
LEAD0845,Event,Education,1,6,23,West,1
LEAD0846,Event,Education,1,6,90,North,1
LEAD0847,Ad,Tech,0,5,45,East,1
LEAD0848,Referral,Finance,1,2,69,South,1
LEAD0849,Web,Retail,0,5,31,East,0
LEAD0850,Referral,Finance,1,7,94,West,1
LEAD0851,Referral,Finance,1,7,84,East,1
LEAD0852,Event,Tech,1,8,66,South,1
LEAD0853,Ad,Tech,1,0,72,East,1
LEAD0854,Email,Tech,1,0,90,South,1
LEAD0855,Ad,Tech,1,2,21,West,1
LEAD0856,Ad,Education,0,2,43,West,0
LEAD0857,Referral,Tech,1,9,23,West,1
LEAD0858,Ad,Education,1,7,38,North,1
LEAD0859,Web,Education,1,9,45,West,0
LEAD0860,Referral,Tech,1,0,94,East,0
LEAD0861,Web,Healthcare,1,1,59,North,1
LEAD0862,Email,Retail,0,1,69,West,0
LEAD0863,Referral,Finance,1,2,62,East,1
LEAD0864,Email,Education,1,5,94,East,0
LEAD0865,Referral,Retail,1,0,86,East,1
LEAD0866,Event,Healthcare,1,1,31,South,1
LEAD0867,Ad,Finance,1,0,86,North,1
LEAD0868,Event,Finance,1,4,46,East,1
LEAD0869,Email,Education,0,6,73,South,1
LEAD0870,Ad,Tech,0,7,85,West,1
LEAD0871,Referral,Healthcare,0,9,68,East,1
LEAD0872,Ad,Education,1,0,35,South,1
LEAD0873,Web,Healthcare,0,6,21,East,0
LEAD0874,Ad,Tech,1,4,79,North,1
LEAD0875,Web,Tech,1,9,73,North,1
LEAD0876,Ad,Education,1,0,49,West,1
LEAD0877,Web,Tech,1,2,57,East,1
LEAD0878,Email,Retail,0,6,47,South,0
LEAD0879,Event,Finance,1,9,44,West,0
LEAD0880,Referral,Education,1,0,29,East,0
LEAD0881,Ad,Healthcare,1,6,79,West,0
LEAD0882,Event,Retail,1,4,61,South,0
LEAD0883,Referral,Education,1,0,59,West,1
LEAD0884,Referral,Tech,1,0,96,West,1
LEAD0885,Web,Tech,1,0,61,West,1
LEAD0886,Email,Tech,1,8,66,East,1
LEAD0887,Email,Tech,1,2,56,South,1
LEAD0888,Event,Healthcare,0,4,99,North,0
LEAD0889,Email,Retail,1,9,41,East,1
LEAD0890,Ad,Finance,0,8,76,North,0
LEAD0891,Email,Healthcare,1,5,46,North,0
LEAD0892,Event,Healthcare,1,8,60,East,1
LEAD0893,Email,Finance,0,7,99,East,0
LEAD0894,Ad,Finance,1,7,53,South,0
LEAD0895,Web,Tech,1,0,51,South,0
LEAD0896,Event,Healthcare,1,8,85,West,0
LEAD0897,Web,Education,1,5,31,North,0
LEAD0898,Web,Finance,1,8,59,South,1
LEAD0899,Web,Finance,0,2,92,West,1
LEAD0900,Referral,Retail,1,2,95,South,1
LEAD0901,Referral,Education,0,5,92,East,0
LEAD0902,Web,Education,1,8,29,South,1
LEAD0903,Event,Finance,0,6,67,North,1
LEAD0904,Ad,Tech,1,2,39,South,0
LEAD0905,Ad,Retail,1,2,58,North,0
LEAD0906,Email,Education,0,1,79,East,0
LEAD0907,Event,Finance,1,8,85,North,1
LEAD0908,Referral,Education,1,2,84,South,1
LEAD0909,Web,Retail,1,4,70,West,0
LEAD0910,Email,Retail,1,8,55,East,1
LEAD0911,Ad,Healthcare,1,7,43,South,1
LEAD0912,Referral,Finance,1,1,46,East,1
LEAD0913,Referral,Retail,0,2,21,East,0
LEAD0914,Web,Healthcare,0,1,50,South,0
LEAD0915,Ad,Healthcare,1,7,76,South,0
LEAD0916,Event,Education,1,5,97,West,1
LEAD0917,Referral,Education,1,5,85,East,1
LEAD0918,Web,Healthcare,1,8,48,East,1
LEAD0919,Event,Education,1,7,34,South,1
LEAD0920,Ad,Retail,1,3,31,North,0
LEAD0921,Referral,Tech,1,3,47,South,1
LEAD0922,Event,Retail,1,8,43,East,1
LEAD0923,Event,Healthcare,1,0,40,South,1
LEAD0924,Event,Healthcare,1,1,29,West,0
LEAD0925,Referral,Retail,1,1,97,North,1
LEAD0926,Referral,Education,1,5,37,South,0
LEAD0927,Email,Education,0,3,33,West,0
LEAD0928,Ad,Healthcare,0,9,53,East,0
LEAD0929,Web,Finance,1,2,77,South,1
LEAD0930,Event,Education,1,2,95,East,1
LEAD0931,Email,Retail,1,2,41,West,1
LEAD0932,Web,Education,1,5,89,East,1
LEAD0933,Email,Retail,0,7,55,West,1
LEAD0934,Referral,Healthcare,1,6,64,West,0
LEAD0935,Event,Education,1,3,55,West,1
LEAD0936,Web,Retail,1,3,41,South,1
LEAD0937,Web,Healthcare,1,9,97,East,1
LEAD0938,Web,Finance,1,1,99,East,1
LEAD0939,Web,Retail,0,0,80,North,1
LEAD0940,Web,Finance,1,8,75,North,1
LEAD0941,Email,Finance,1,1,52,North,1
LEAD0942,Event,Tech,1,7,64,North,0
LEAD0943,Referral,Education,1,8,55,East,0
LEAD0944,Referral,Retail,0,3,39,West,0
LEAD0945,Referral,Finance,0,7,37,West,0
LEAD0946,Referral,Tech,1,8,57,South,1
LEAD0947,Email,Healthcare,1,9,86,West,1
LEAD0948,Ad,Retail,0,9,42,East,1
LEAD0949,Event,Finance,0,4,35,East,1
LEAD0950,Web,Education,1,6,78,East,1
LEAD0951,Ad,Tech,0,9,88,South,1
LEAD0952,Referral,Finance,1,3,87,North,0
LEAD0953,Ad,Education,1,0,40,West,1
LEAD0954,Event,Finance,1,2,97,East,1
LEAD0955,Web,Retail,0,4,97,East,0
LEAD0956,Web,Retail,0,2,89,North,0
LEAD0957,Event,Retail,1,6,31,East,0
LEAD0958,Event,Tech,1,8,35,West,1
LEAD0959,Referral,Retail,1,5,33,South,1
LEAD0960,Web,Education,0,9,80,East,0
LEAD0961,Ad,Finance,1,0,90,West,1
LEAD0962,Email,Healthcare,1,6,65,East,1
LEAD0963,Email,Education,1,2,51,North,1
LEAD0964,Event,Education,1,4,34,East,0
LEAD0965,Referral,Retail,1,9,63,East,1
LEAD0966,Email,Tech,1,3,36,South,1
LEAD0967,Web,Finance,0,9,60,North,0
LEAD0968,Event,Tech,1,4,73,North,0
LEAD0969,Ad,Finance,0,4,63,South,0
LEAD0970,Event,Finance,1,5,24,East,1
LEAD0971,Ad,Tech,1,9,46,West,1
LEAD0972,Event,Education,0,9,97,North,1
LEAD0973,Event,Finance,1,5,98,North,1
LEAD0974,Event,Tech,0,7,62,East,1
LEAD0975,Ad,Finance,1,7,50,East,1
LEAD0976,Ad,Healthcare,1,8,36,North,1
LEAD0977,Event,Education,0,7,73,East,1
LEAD0978,Email,Retail,1,1,81,West,1
LEAD0979,Referral,Finance,1,9,51,North,1
LEAD0980,Referral,Healthcare,0,0,59,West,0
LEAD0981,Referral,Retail,0,9,32,West,0
LEAD0982,Ad,Retail,1,1,54,East,1
LEAD0983,Ad,Finance,1,1,24,West,0
LEAD0984,Email,Tech,1,2,92,East,0
LEAD0985,Referral,Finance,0,9,48,South,1
LEAD0986,Referral,Healthcare,0,6,89,East,1
LEAD0987,Event,Retail,1,1,44,West,1
LEAD0988,Ad,Finance,0,0,41,South,0
LEAD0989,Referral,Tech,0,5,85,East,1
LEAD0990,Email,Finance,0,8,64,West,1
LEAD0991,Email,Education,1,2,88,North,1
LEAD0992,Referral,Tech,1,5,91,North,1
LEAD0993,Ad,Healthcare,1,2,20,East,0
LEAD0994,Email,Retail,1,0,63,East,0
LEAD0995,Event,Finance,1,4,94,North,1
LEAD0996,Email,Tech,1,9,58,West,0
LEAD0997,Web,Education,0,3,73,West,1
LEAD0998,Web,Tech,1,6,94,West,1
LEAD0999,Ad,Education,1,5,48,East,1
LEAD1000,Referral,Healthcare,1,9,73,South,1
